,Source Well,Destination well,Transfer Volume
0,B13,A01,1000
1,B13,B01,1000
2,B13,C01,1000
3,B13,D01,1000
4,B13,E01,1000
5,B13,F01,1000
6,B13,G01,1000
7,A13,H01,1000
8,C13,A02,1000
9,B13,A03,1000
10,G13,B03,1000
11,B13,C03,1000
12,B13,D03,1000
13,B13,E03,1000
14,B13,F03,1000
15,B13,G03,1000
16,B13,H03,1000
17,B13,A04,1000
18,B13,B04,1000
19,B13,A05,1000
20,B13,B05,1000
21,B13,C05,1000
22,A13,D05,1000
23,B13,E05,1000
24,B13,F05,1000
25,B13,G05,1000
26,B13,H05,1000
27,B13,A06,1000
28,B13,B06,1000
29,B13,A07,1000
30,B13,B07,1000
31,A13,C07,1000
32,B13,D07,1000
33,B13,E07,1000
34,B13,F07,1000
35,B13,G07,1000
36,B13,H07,1000
37,B13,A08,1000
38,F13,B08,1000
39,H13,C08,1000
40,B13,D08,1000
41,B13,A09,1000
42,B13,B09,1000
43,B13,C09,1000
44,B13,D09,1000
45,B13,A11,1000
46,E13,B11,1000
47,B13,C11,1000
48,G13,D11,1000
49,D13,E11,1000
50,O01,A01,600
51,C06,B01,600
52,I01,C01,600
53,E06,D01,600
54,K01,E01,600
55,M04,F01,600
56,I05,G01,600
57,E01,H01,600
58,G06,A02,600
59,E05,A03,600
60,O06,B03,600
61,M03,C03,600
62,G01,D03,600
63,M01,E03,600
64,O04,F03,600
65,A05,G03,600
66,K04,H03,600
67,C05,A04,600
68,G03,B04,600
69,I03,A05,600
70,O03,B05,600
71,C03,C05,600
72,C01,D05,600
73,A04,E05,600
74,G04,F05,600
75,E04,G05,600
76,I04,H05,600
77,E03,A06,600
78,O05,B06,600
79,C04,A07,600
80,A02,B07,600
81,A01,C07,600
82,A06,D07,600
83,G02,E07,600
84,G05,F07,600
85,A03,G07,600
86,O02,H07,600
87,M05,A08,600
88,M06,B08,600
89,M06,C08,600
90,C02,D08,600
91,K03,A09,600
92,K02,B09,600
93,M02,C09,600
94,I02,D09,600
95,E02,A11,600
96,K06,B11,600
97,K05,C11,600
98,A07,D11,600
99,I06,E11,600
100,P01,A01,600
101,D06,B01,600
102,J01,C01,600
103,F06,D01,600
104,L01,E01,600
105,N04,F01,600
106,J05,G01,600
107,F01,H01,600
108,H06,A02,600
109,F05,A03,600
110,P06,B03,600
111,N03,C03,600
112,H01,D03,600
113,N01,E03,600
114,P04,F03,600
115,B05,G03,600
116,L04,H03,600
117,D05,A04,600
118,H03,B04,600
119,J03,A05,600
120,P03,B05,600
121,D03,C05,600
122,D01,D05,600
123,B04,E05,600
124,H04,F05,600
125,F04,G05,600
126,J04,H05,600
127,F03,A06,600
128,P05,B06,600
129,D04,A07,600
130,B02,B07,600
131,B01,C07,600
132,B06,D07,600
133,H02,E07,600
134,H05,F07,600
135,B03,G07,600
136,P02,H07,600
137,N05,A08,600
138,N06,B08,600
139,N06,C08,600
140,D02,D08,600
141,L03,A09,600
142,L02,B09,600
143,N02,C09,600
144,J02,D09,600
145,F02,A11,600
146,L06,B11,600
147,L05,C11,600
148,B07,D11,600
149,J06,E11,600
